<?xml version="1.0" standalone="no"?>

<MARKER>
   <OPTITEX>10.2.286.0</OPTITEX>
   <UNITS LINEAR="yard" SQUARE="sq.yd" />
   <DETECTED_INTERSECTION>0</DETECTED_INTERSECTION>
   <NAME>D3COLORBSHELL3</NAME>
   <FILENAME>D:\OPTIMASI\TES NEW PROGRAM OPTIMIZER\D3COLORBSHELL3.MRK</FILENAME>
   <DATE>29.07.09</DATE>
   <LENGTH>2.9007</LENGTH>
   <WIDTH>1.6670</WIDTH>
   <EFFICIENCY>85.1373</EFFICIENCY>
   <SUM_PERIMETER>38.5563</SUM_PERIMETER>
   <NB_OF_PLIES>1</NB_OF_PLIES>
   <LAYOUT_MODE>Single</LAYOUT_MODE>
   <FOLDING>none</FOLDING>
   <STRIPES>
      <VERTICAL STEP="0.0833" ANGLE="0.0" OFFSET="0.0278" />
      <HORIZONTAL STEP="0.1389" ANGLE="0.0" OFFSET="0.1389" />
   </STRIPES>
   <INTERNALS>
      <DRAW>
         <QUANTITY>4</QUANTITY>
         <SUM_LENGTH>0.1307</SUM_LENGTH>
      </DRAW>
      <CUT>
         <QUANTITY>36</QUANTITY>
         <SUM_LENGTH>0.0000</SUM_LENGTH>
      </CUT>
   </INTERNALS>
   <NOTCHES>
      <DRAW>
         <QUANTITY>6</QUANTITY>
         <SUM_LENGTH>0.0833</SUM_LENGTH>
      </DRAW>
      <CUT>
         <QUANTITY>64</QUANTITY>
         <SUM_LENGTH>0.8889</SUM_LENGTH>
      </CUT>
   </NOTCHES>
   <STYLE>
      <NAME>003-001</NAME>
      <FILENAME>D:\OPTIMASI\TES NEW PROGRAM OPTIMIZER\003-001.PDS</FILENAME>
      <MATERIAL>SHELL</MATERIAL>
      <SIZE>
         <NAME>S</NAME>
         <NB_OF_SETS>0</NB_OF_SETS>
         <SUM_AREA>0.0000</SUM_AREA>
         <SUM_PERIMETER>0.0000</SUM_PERIMETER>
      </SIZE>
      <SIZE>
         <NAME>M</NAME>
         <NB_OF_SETS>1</NB_OF_SETS>
         <SUM_AREA>1.9436</SUM_AREA>
         <SUM_PERIMETER>18.7974</SUM_PERIMETER>
         <PIECE>
            <NAME>Back</NAME>
            <CODE></CODE>
            <MATERIAL>shell</MATERIAL>
            <GEOM_INFO SIZE_X="0.9194" SIZE_Y="0.6480" AREA="0.5392" PERIMETER="2.9904" />
            <BUFFER>0.0000</BUFFER>
            <ORDER_INFO NESTED="1" TOTAL="1" />
            <NESTING_ENABLES ROTATION="none" OPPOSITE="None" TILT="0 deg." FLIP="no" FOLD="none" />
            <MATCH>
               <REL X="0.0646" Y="0.9986" DIR="XY" ID="11" />
            </MATCH>
            <PLACED>
               <POSITION X-CENTER="1.5534" Y-CENTER="1.3430" ANGLE="0.0" FLIP="no" />
            </PLACED>
            <SHAPE FACTOR="0.05" >
               <svg xmlns="http://www.w3.org/2000/svg" xmlns:xlink="http://www.w3.org/1999/xlink" width="4.2cm" height="2.96cm" viewBox="0 0 8409 5928" >
                  <polygon fill="#e9ffda" stroke="#402b2b" stroke-width="1" points="8403,2964 8409,3450 8397,3920 8385,4132 8380,4184 8371,4249 8358,4316 8345,4372 8329,4428 8312,4478 8286,4544 8259,4604 8229,4668 8126,4857 8074,4944 7917,5186 7708,5495 7647,5594 7631,5622 7595,5695 7563,5778 7548,5829 7525,5927 6751,5911 5678,5917 4436,5912 3198,5919 3088,5756 3048,5709 3007,5669 2975,5643 2941,5621 2913,5605 2889,5595 2864,5585 2805,5568 2747,5556 2673,5544 2526,5528 2251,5518 2198,5519 1920,5536 1769,5553 1330,5618 868,5693 321,5789 203,5147 112,4579 1,3791 111,3765 171,3744 194,3734 244,3709 283,3685 325,3655 358,3626 384,3598 402,3573 418,3545 434,3511 443,3487 455,3438 463,3389 469,3325 475,3169 479,2966 475,2760 469,2603 463,2533 459,2508 450,2465 434,2417 421,2389 406,2362 388,2336 368,2312 345,2290 316,2266 273,2237 229,2212 183,2190 137,2172 89,2157 1,2137 112,1350 203,781 321,139 868,235 1330,310 1769,375 2012,400 2198,409 2334,409 2526,400 2636,389 2710,379 2784,365 2822,356 2878,338 2913,323 2946,305 2976,284 3004,261 3044,223 3069,196 3112,140 3150,86 3198,9 4436,16 5678,12 6751,17 7525,1 7548,99 7578,192 7595,233 7636,315 7708,434 7883,692 8074,985 8197,1199 8229,1260 8298,1414 8312,1451 8346,1560 8353,1587 8371,1679 8389,1838 8397,2008 8409,2479 " />
                  <g style="fill:none; stroke:#000000" stroke-width="2" >
                     <path d="M658,5731 L647,5668" />
                  </g>
                  <g style="fill:none; stroke:#000000" stroke-width="2" >
                     <path d="M658,197 L647,260" />
                  </g>
               </svg>
            </SHAPE>
         </PIECE>
         <PIECE>
            <NAME>Front</NAME>
            <CODE></CODE>
            <MATERIAL>shell</MATERIAL>
            <GEOM_INFO SIZE_X="0.8529" SIZE_Y="0.4950" AREA="0.3162" PERIMETER="2.5982" />
            <BUFFER>0.0000</BUFFER>
            <ORDER_INFO NESTED="2" TOTAL="2" QUANT="1,1,0,0" />
            <NESTING_ENABLES ROTATION="none" OPPOSITE="Up/Down" TILT="0 deg." FLIP="no" FOLD="none" />
            <MATCH>
               <REL X="0.0933" Y="0.4012" DIR="XY" ID="11" />
               <REL X="0.1220" Y="0.4010" DIR="XY" ID="2" />
               <REL X="0.2121" Y="0.4007" DIR="XY" ID="1" />
            </MATCH>
            <PLACED>
               <POSITION X-CENTER="1.3103" Y-CENTER="0.2475" ANGLE="0.0" FLIP="no" />
               <POSITION X-CENTER="0.4269" Y-CENTER="0.6963" ANGLE="0.0" FLIP="down" />
            </PLACED>
            <SHAPE FACTOR="0.05" >
               <svg xmlns="http://www.w3.org/2000/svg" xmlns:xlink="http://www.w3.org/1999/xlink" width="3.9cm" height="2.26cm" viewBox="0 0 7801 4529" >
                  <polygon fill="#e9ffda" stroke="#402b2b" stroke-width="1" points="7795,798 7793,1413 7799,1965 7798,2416 7785,2708 7761,2986 7746,3094 7734,3160 7718,3228 7700,3286 7680,3340 7646,3419 7613,3489 7528,3646 7463,3752 7218,4118 7191,4163 7140,4256 7111,4322 7096,4370 7089,4397 7064,4518 2763,4527 2630,4352 2556,4263 2516,4220 2441,4149 2370,4092 2333,4066 2296,4042 2256,4020 2217,4000 2177,3982 2096,3952 2011,3928 1915,3908 1818,3896 1763,3893 1664,3891 1609,3893 1497,3901 1311,3931 1150,3968 630,4100 443,4157 313,3650 289,3549 112,2654 1,2170 153,2144 244,2125 303,2108 361,2086 429,2052 489,2015 533,1981 561,1956 585,1931 616,1891 630,1870 664,1812 692,1751 717,1679 735,1605 748,1524 754,1436 753,1350 744,1265 729,1187 707,1116 694,1081 667,1026 635,974 614,945 590,916 550,873 531,856 484,818 441,789 384,759 333,737 266,715 213,702 162,692 3,671 125,1 299,53 333,65 413,97 504,144 598,202 707,281 934,439 1014,490 1152,569 1235,611 1341,660 1385,678 1511,723 1585,745 1710,774 1801,790 1935,805 2011,810 2287,823 2620,827 " />
                  <g style="fill:none; stroke:#000000" stroke-width="2" >
                     <path d="M7793,1413 L7730,1413" />
                  </g>
                  <g style="fill:none; stroke:#000000" stroke-width="2" >
                     <path d="M755,1419 L818,1419" />
                  </g>
                  <g style="fill:none; stroke:#000000" stroke-width="2" >
                     <path d="M741,1244 L803,1233" />
                  </g>
                  <g style="fill:none; stroke:#000000" stroke-width="2" >
                     <path d="M1003,1584 L1003,1584 M1003,1584 L1003,1584" />
                  </g>
                  <g style="fill:none; stroke:#000000" stroke-width="2" >
                     <path d="M1003,1584 L1003,1584 L1003,1584 L1003,1584 Z" />
                  </g>
                  <g style="fill:none; stroke:#000000" stroke-width="2" >
                     <path d="M1827,1587 L1827,1587 M1827,1587 L1827,1587" />
                  </g>
                  <g style="fill:none; stroke:#000000" stroke-width="2" >
                     <path d="M1827,1587 L1827,1587 L1827,1587 L1827,1587 Z" />
                  </g>
                  <g style="fill:none; stroke:#000000" stroke-width="2" >
                     <path d="M1003,1584 L1003,1584 M1003,1584 L1003,1584" />
                  </g>
                  <g style="fill:none; stroke:#000000" stroke-width="2" >
                     <path d="M1003,1584 L1003,1584 L1003,1584 L1003,1584 Z" />
                  </g>
                  <g style="fill:none; stroke:#000000" stroke-width="2" >
                     <path d="M1827,1587 L1827,1587 M1827,1587 L1827,1587" />
                  </g>
                  <g style="fill:none; stroke:#000000" stroke-width="2" >
                     <path d="M1827,1587 L1827,1587 L1827,1587 L1827,1587 Z" />
                  </g>
                  <g style="fill:none; stroke:#000000" stroke-width="2" >
                     <path d="M2669,1585 L2669,1585 M2669,1585 L2669,1585" />
                  </g>
                  <g style="fill:none; stroke:#000000" stroke-width="2" >
                     <path d="M2669,1585 L2669,1585 L2669,1585 L2669,1585 Z" />
                  </g>
                  <g style="fill:none; stroke:#000000" stroke-width="2" >
                     <path d="M4333,1583 L4333,1583 M4333,1583 L4333,1583" />
                  </g>
                  <g style="fill:none; stroke:#000000" stroke-width="2" >
                     <path d="M4333,1583 L4333,1583 L4333,1583 L4333,1583 Z" />
                  </g>
                  <g style="fill:none; stroke:#000000" stroke-width="2" >
                     <path d="M3497,1582 L3497,1582 M3497,1582 L3497,1582" />
                  </g>
                  <g style="fill:none; stroke:#000000" stroke-width="2" >
                     <path d="M3497,1582 L3497,1582 L3497,1582 L3497,1582 Z" />
                  </g>
                  <g style="fill:none; stroke:#000000" stroke-width="2" >
                     <path d="M5165,1580 L5165,1580 M5165,1580 L5165,1580" />
                  </g>
                  <g style="fill:none; stroke:#000000" stroke-width="2" >
                     <path d="M5165,1580 L5165,1580 L5165,1580 L5165,1580 Z" />
                  </g>
                  <g style="fill:none; stroke:#000000" stroke-width="2" >
                     <path d="M6001,1580 L6001,1580 M6001,1580 L6001,1580" />
                  </g>
                  <g style="fill:none; stroke:#000000" stroke-width="2" >
                     <path d="M6001,1580 L6001,1580 L6001,1580 L6001,1580 Z" />
                  </g>
               </svg>
            </SHAPE>
         </PIECE>
         <PIECE>
            <NAME>Sleeve</NAME>
            <CODE></CODE>
            <MATERIAL>shell</MATERIAL>
            <GEOM_INFO SIZE_X="0.6238" SIZE_Y="0.6174" AREA="0.2737" PERIMETER="2.2850" />
            <BUFFER>0.0000</BUFFER>
            <ORDER_INFO NESTED="2" TOTAL="2" QUANT="1,1,0,0" />
            <NESTING_ENABLES ROTATION="none" OPPOSITE="Up/Down" TILT="0 deg." FLIP="no" FOLD="none" />
            <MATCH>
            </MATCH>
            <PLACED>
               <POSITION X-CENTER="2.3469" Y-CENTER="0.3087" ANGLE="0.0" FLIP="no" />
               <POSITION X-CENTER="2.4028" Y-CENTER="0.9132" ANGLE="0.0" FLIP="down" />
            </PLACED>
            <SHAPE FACTOR="0.05" >
               <svg xmlns="http://www.w3.org/2000/svg" xmlns:xlink="http://www.w3.org/1999/xlink" width="2.85cm" height="2.82cm" viewBox="0 0 5706 5648" >
                  <polygon fill="#e9ffda" stroke="#402b2b" stroke-width="1" points="5626,4505 1825,5251 1625,5295 1447,5341 1363,5375 1244,5436 861,5647 840,5469 822,5362 790,5218 747,5070 735,5035 712,4974 652,4836 573,4662 453,4361 271,3929 180,3697 126,3537 93,3423 46,3233 16,3084 10,3049 3,2981 1,2883 2,2836 16,2653 23,2593 54,2392 63,2348 105,2181 174,1983 236,1831 424,1384 587,1031 713,749 776,591 794,536 814,462 820,433 840,317 845,271 863,1 1109,172 1161,204 1273,266 1323,290 1414,327 1463,344 1660,404 5646,1221 5619,1421 5581,1720 5577,1909 5580,2011 5601,2316 5625,2490 5628,2710 5661,3020 5674,3229 5699,3468 5703,3542 5705,3641 4828,3701 4829,3712 5704,3654 5670,3935 5666,3979 5657,4202 5639,4405 " />
                  <g style="fill:none; stroke:#000000" stroke-width="2" >
                     <path d="M2,2836 L66,2838" />
                  </g>
                  <g style="fill:none; stroke:#000000" stroke-width="2" >
                     <path d="M5628,2710 L5565,2714" />
                  </g>
                  <g style="fill:none; stroke:#000000" stroke-width="2" >
                     <path d="M5625,2490 L5562,2494" />
                  </g>
                  <g style="fill:none; stroke:#000000" stroke-width="2" >
                     <path d="M5661,3020 L5598,3026" />
                  </g>
                  <g style="fill:none; stroke:#000000" stroke-width="2" >
                     <path d="M5674,3229 L5611,3234" />
                  </g>
                  <g style="fill:none; stroke:#000000" stroke-width="2" >
                     <path d="M5666,3979 L5603,3974" />
                  </g>
                  <g style="fill:none; stroke:#000000" stroke-width="2" >
                     <path d="M5657,4202 L5594,4199" />
                  </g>
               </svg>
            </SHAPE>
         </PIECE>
         <PIECE>
            <NAME>Cuff</NAME>
            <CODE></CODE>
            <MATERIAL>shell</MATERIAL>
            <GEOM_INFO SIZE_X="0.2738" SIZE_Y="0.1364" AREA="0.0371" PERIMETER="0.8167" />
            <BUFFER>0.0000</BUFFER>
            <ORDER_INFO NESTED="2" TOTAL="2" QUANT="1,1,0,0" />
            <NESTING_ENABLES ROTATION="none" OPPOSITE="Up/Down" TILT="0 deg." FLIP="no" FOLD="none" />
            <MATCH>
            </MATCH>
            <PLACED>
               <POSITION X-CENTER="2.5302" Y-CENTER="0.6054" ANGLE="0.0" FLIP="no" />
               <POSITION X-CENTER="1.8732" Y-CENTER="0.3410" ANGLE="0.0" FLIP="down" />
            </PLACED>
            <SHAPE FACTOR="0.05" >
               <svg xmlns="http://www.w3.org/2000/svg" xmlns:xlink="http://www.w3.org/1999/xlink" width="1.25cm" height="0.62cm" viewBox="0 0 2505 1250" >
                  <polygon fill="#e9ffda" stroke="#402b2b" stroke-width="1" points="2488,1243 1,1248 6,3 2499,1 2504,610 " />
                  <g style="fill:none; stroke:#000000" stroke-width="2" >
                     <path d="M4,622 L67,622" />
                  </g>
                  <g style="fill:none; stroke:#000000" stroke-width="2" >
                     <path d="M2504,610 L2441,609" />
                  </g>
               </svg>
            </SHAPE>
         </PIECE>
         <PIECE>
            <NAME>Collar</NAME>
            <CODE></CODE>
            <MATERIAL>shell</MATERIAL>
            <GEOM_INFO SIZE_X="0.1241" SIZE_Y="0.5789" AREA="0.0597" PERIMETER="1.2894" />
            <BUFFER>0.0000</BUFFER>
            <ORDER_INFO NESTED="2" TOTAL="2" QUANT="1,1,0,0" />
            <NESTING_ENABLES ROTATION="none" OPPOSITE="Up/Down" TILT="0 deg." FLIP="no" FOLD="none" />
            <MATCH>
            </MATCH>
            <PLACED>
               <POSITION X-CENTER="2.7739" Y-CENTER="0.9167" ANGLE="0.0" FLIP="no" />
               <POSITION X-CENTER="2.7191" Y-CENTER="0.2922" ANGLE="0.0" FLIP="down" />
            </PLACED>
            <SHAPE FACTOR="0.05" >
               <svg xmlns="http://www.w3.org/2000/svg" xmlns:xlink="http://www.w3.org/1999/xlink" width="0.57cm" height="2.65cm" viewBox="0 0 1137 5295" >
                  <polygon fill="#e9ffda" stroke="#402b2b" stroke-width="1" points="102,1 1037,453 1072,640 1108,848 1114,896 1130,1099 1136,1283 1135,1328 1123,1513 1089,1945 1083,2212 1084,2651 1081,3218 1085,3356 1113,3747 1127,3974 1128,4000 1121,4202 1105,4396 1097,4453 1060,4661 1024,4848 86,5294 92,4963 94,4537 92,4441 79,4083 68,3898 30,3429 6,3037 1,2779 2,2647 2,2516 8,2257 35,1866 81,1322 101,944 103,854 107,414 107,332 " />
                  <g style="fill:none; stroke:#000000" stroke-width="2" >
                     <path d="M1120,1555 L1057,1549" />
                  </g>
                  <g style="fill:none; stroke:#000000" stroke-width="2" >
                     <path d="M1084,2651 L1021,2650" />
                  </g>
                  <g style="fill:none; stroke:#000000" stroke-width="2" >
                     <path d="M1113,3747 L1050,3752" />
                  </g>
               </svg>
            </SHAPE>
         </PIECE>
         <PIECE>
            <NAME>Placket</NAME>
            <CODE></CODE>
            <MATERIAL>shell</MATERIAL>
            <GEOM_INFO SIZE_X="0.4206" SIZE_Y="0.0372" AREA="0.0155" PERIMETER="0.9142" />
            <BUFFER>0.0000</BUFFER>
            <ORDER_INFO NESTED="2" TOTAL="2" QUANT="1,1,0,0" />
            <NESTING_ENABLES ROTATION="none" OPPOSITE="Up/Down" TILT="0 deg." FLIP="no" FOLD="none" />
            <MATCH>
            </MATCH>
            <PLACED>
               <POSITION X-CENTER="0.3542" Y-CENTER="0.5005" ANGLE="0.0" FLIP="no" />
               <POSITION X-CENTER="0.9441" Y-CENTER="0.0186" ANGLE="0.0" FLIP="down" />
            </PLACED>
            <SHAPE FACTOR="0.05" >
               <svg xmlns="http://www.w3.org/2000/svg" xmlns:xlink="http://www.w3.org/1999/xlink" width="1.92cm" height="0.17cm" viewBox="0 0 3848 342" >
                  <polygon fill="#e9ffda" stroke="#402b2b" stroke-width="1" points="3847,341 4,334 1,1 3844,1 " />
               </svg>
            </SHAPE>
         </PIECE>
      </SIZE>
      <SIZE>
         <NAME>L</NAME>
         <NB_OF_SETS>0</NB_OF_SETS>
         <SUM_AREA>0.0000</SUM_AREA>
         <SUM_PERIMETER>0.0000</SUM_PERIMETER>
      </SIZE>
      <SIZE>
         <NAME>XL</NAME>
         <NB_OF_SETS>1</NB_OF_SETS>
         <SUM_AREA>2.1732</SUM_AREA>
         <SUM_PERIMETER>19.7589</SUM_PERIMETER>
         <PIECE>
            <NAME>Back</NAME>
            <CODE></CODE>
            <MATERIAL>shell</MATERIAL>
            <GEOM_INFO SIZE_X="0.9701" SIZE_Y="0.7244" AREA="0.6238" PERIMETER="3.2196" />
            <BUFFER>0.0000</BUFFER>
            <ORDER_INFO NESTED="1" TOTAL="1" QUANT="0,0,0,1" />
            <NESTING_ENABLES ROTATION="none" OPPOSITE="None" TILT="0 deg." FLIP="no" FOLD="none" />
            <MATCH>
               <REL X="0.0646" Y="0.9986" DIR="XY" ID="11" />
            </MATCH>
            <PLACED>
               <POSITION X-CENTER="0.4900" Y-CENTER="1.3048" ANGLE="180.0" FLIP="no" />
            </PLACED>
            <SHAPE FACTOR="0.05" >
               <svg xmlns="http://www.w3.org/2000/svg" xmlns:xlink="http://www.w3.org/1999/xlink" width="4.44cm" height="3.31cm" viewBox="0 0 8873 6626" >
                  <polygon fill="#e9ffda" stroke="#402b2b" stroke-width="1" points="8866,3313 8872,3799 8860,4269 8851,4461 8846,4511 8832,4610 8810,4707 8775,4827 8708,5026 8695,5061 8621,5235 8540,5403 8388,5690 8161,6094 8093,6232 8078,6265 8048,6343 8018,6446 8005,6507 7988,6625 7163,6608 6017,6614 4692,6610 3372,6618 3280,6380 3270,6363 3236,6311 3200,6267 3172,6239 3142,6213 3097,6181 3066,6165 3042,6155 2984,6135 2906,6115 2816,6098 2664,6077 2375,6057 2305,6055 2027,6061 1938,6067 1832,6077 1485,6126 747,6250 384,6313 245,5635 136,5035 1,4203 125,4174 187,4152 213,4141 287,4103 335,4073 380,4039 415,4006 434,3985 457,3954 476,3922 490,3891 508,3838 514,3811 523,3756 529,3693 537,3528 542,3315 536,3098 529,2933 524,2877 516,2822 510,2795 496,2749 483,2718 467,2689 453,2667 432,2639 404,2609 367,2576 321,2544 277,2517 223,2490 172,2469 120,2451 1,2423 136,1591 245,991 384,313 931,409 1393,485 1768,542 1832,550 2055,567 2202,571 2305,571 2549,560 2664,549 2817,528 2906,511 2995,488 3053,467 3089,449 3136,419 3175,385 3200,360 3223,333 3254,289 3270,263 3307,192 3326,146 3351,76 3372,9 4692,16 6017,12 7082,18 7163,18 7988,1 8005,120 8029,225 8048,283 8089,386 8161,532 8343,856 8540,1223 8634,1420 8695,1565 8730,1662 8775,1800 8825,1981 8834,2028 8847,2117 8852,2181 8860,2357 8872,2828 " />
                  <g style="fill:none; stroke:#000000" stroke-width="2" >
                     <path d="M721,6254 L710,6192" />
                  </g>
                  <g style="fill:none; stroke:#000000" stroke-width="2" >
                     <path d="M721,372 L710,434" />
                  </g>
               </svg>
            </SHAPE>
         </PIECE>
         <PIECE>
            <NAME>Front</NAME>
            <CODE></CODE>
            <MATERIAL>shell</MATERIAL>
            <GEOM_INFO SIZE_X="0.8876" SIZE_Y="0.5402" AREA="0.3544" PERIMETER="2.7454" />
            <BUFFER>0.0000</BUFFER>
            <ORDER_INFO NESTED="2" TOTAL="2" QUANT="0,0,1,1" />
            <NESTING_ENABLES ROTATION="none" OPPOSITE="Up/Down" TILT="0 deg." FLIP="no" FOLD="none" />
            <MATCH>
               <REL X="0.0933" Y="0.4012" DIR="XY" ID="11" />
               <REL X="0.1220" Y="0.4010" DIR="XY" ID="2" />
               <REL X="0.2121" Y="0.4007" DIR="XY" ID="1" />
            </MATCH>
            <PLACED>
               <POSITION X-CENTER="2.4569" Y-CENTER="1.3969" ANGLE="180.0" FLIP="no" />
               <POSITION X-CENTER="0.4438" Y-CENTER="0.2701" ANGLE="180.0" FLIP="down" />
            </PLACED>
            <SHAPE FACTOR="0.05" >
               <svg xmlns="http://www.w3.org/2000/svg" xmlns:xlink="http://www.w3.org/1999/xlink" width="4.06cm" height="2.47cm" viewBox="0 0 8118 4941" >
                  <polygon fill="#e9ffda" stroke="#402b2b" stroke-width="1" points="8113,862 8111,1477 8117,2029 8116,2480 8103,2772 8060,3267 8052,3323 8026,3436 8018,3464 7980,3576 7946,3660 7857,3857 7790,3987 7551,4405 7502,4498 7458,4593 7429,4670 7420,4699 7408,4749 7390,4860 7382,4931 2938,4941 2801,4678 2746,4598 2686,4524 2649,4484 2585,4422 2512,4364 2475,4337 2395,4288 2312,4245 2225,4210 2137,4181 2086,4168 2036,4157 1986,4148 1885,4135 1827,4131 1727,4130 1672,4131 1544,4142 1375,4170 1214,4207 694,4338 507,4396 375,3920 333,3754 237,3319 128,2809 1,2297 169,2266 264,2245 308,2232 352,2217 425,2186 489,2150 552,2108 598,2070 622,2047 661,2001 686,1965 710,1926 743,1859 770,1785 791,1708 806,1630 816,1542 819,1498 817,1410 813,1366 805,1308 791,1239 769,1164 755,1127 728,1069 695,1014 669,977 646,948 590,889 542,847 483,806 423,774 352,744 292,724 228,707 177,697 73,680 4,671 126,1 304,58 339,71 419,105 446,117 514,154 605,213 721,299 952,465 1040,523 1175,603 1263,649 1370,700 1414,718 1543,767 1618,791 1743,822 1840,840 1970,857 2057,865 2341,882 2684,891 " />
                  <g style="fill:none; stroke:#000000" stroke-width="2" >
                     <path d="M8111,1477 L8048,1477" />
                  </g>
                  <g style="fill:none; stroke:#000000" stroke-width="2" >
                     <path d="M819,1483 L882,1483" />
                  </g>
                  <g style="fill:none; stroke:#000000" stroke-width="2" >
                     <path d="M805,1308 L867,1298" />
                  </g>
                  <g style="fill:none; stroke:#000000" stroke-width="2" >
                     <path d="M1067,1648 L1067,1648 M1067,1648 L1067,1648" />
                  </g>
                  <g style="fill:none; stroke:#000000" stroke-width="2" >
                     <path d="M1067,1648 L1067,1648 L1067,1648 L1067,1648 Z" />
                  </g>
                  <g style="fill:none; stroke:#000000" stroke-width="2" >
                     <path d="M1891,1651 L1891,1651 M1891,1651 L1891,1651" />
                  </g>
                  <g style="fill:none; stroke:#000000" stroke-width="2" >
                     <path d="M1891,1651 L1891,1651 L1891,1651 L1891,1651 Z" />
                  </g>
                  <g style="fill:none; stroke:#000000" stroke-width="2" >
                     <path d="M1067,1648 L1067,1648 M1067,1648 L1067,1648" />
                  </g>
                  <g style="fill:none; stroke:#000000" stroke-width="2" >
                     <path d="M1067,1648 L1067,1648 L1067,1648 L1067,1648 Z" />
                  </g>
                  <g style="fill:none; stroke:#000000" stroke-width="2" >
                     <path d="M1891,1651 L1891,1651 M1891,1651 L1891,1651" />
                  </g>
                  <g style="fill:none; stroke:#000000" stroke-width="2" >
                     <path d="M1891,1651 L1891,1651 L1891,1651 L1891,1651 Z" />
                  </g>
                  <g style="fill:none; stroke:#000000" stroke-width="2" >
                     <path d="M2733,1649 L2733,1649 M2733,1649 L2733,1649" />
                  </g>
                  <g style="fill:none; stroke:#000000" stroke-width="2" >
                     <path d="M2733,1649 L2733,1649 L2733,1649 L2733,1649 Z" />
                  </g>
                  <g style="fill:none; stroke:#000000" stroke-width="2" >
                     <path d="M4397,1647 L4397,1647 M4397,1647 L4397,1647" />
                  </g>
                  <g style="fill:none; stroke:#000000" stroke-width="2" >
                     <path d="M4397,1647 L4397,1647 L4397,1647 L4397,1647 Z" />
                  </g>
                  <g style="fill:none; stroke:#000000" stroke-width="2" >
                     <path d="M3561,1646 L3561,1646 M3561,1646 L3561,1646" />
                  </g>
                  <g style="fill:none; stroke:#000000" stroke-width="2" >
                     <path d="M3561,1646 L3561,1646 L3561,1646 L3561,1646 Z" />
                  </g>
                  <g style="fill:none; stroke:#000000" stroke-width="2" >
                     <path d="M5229,1644 L5229,1644 M5229,1644 L5229,1644" />
                  </g>
                  <g style="fill:none; stroke:#000000" stroke-width="2" >
                     <path d="M5229,1644 L5229,1644 L5229,1644 L5229,1644 Z" />
                  </g>
                  <g style="fill:none; stroke:#000000" stroke-width="2" >
                     <path d="M6065,1644 L6065,1644 M6065,1644 L6065,1644" />
                  </g>
                  <g style="fill:none; stroke:#000000" stroke-width="2" >
                     <path d="M6065,1644 L6065,1644 L6065,1644 L6065,1644 Z" />
                  </g>
               </svg>
            </SHAPE>
         </PIECE>
         <PIECE>
            <NAME>Sleeve</NAME>
            <CODE></CODE>
            <MATERIAL>shell</MATERIAL>
            <GEOM_INFO SIZE_X="0.6446" SIZE_Y="0.6556" AREA="0.2995" PERIMETER="2.3651" />
            <BUFFER>0.0000</BUFFER>
            <ORDER_INFO NESTED="2" TOTAL="2" QUANT="0,0,1,1" />
            <NESTING_ENABLES ROTATION="none" OPPOSITE="Up/Down" TILT="0 deg." FLIP="no" FOLD="none" />
            <MATCH>
            </MATCH>
            <PLACED>
               <POSITION X-CENTER="1.1699" Y-CENTER="0.7337" ANGLE="180.0" FLIP="no" />
               <POSITION X-CENTER="1.8077" Y-CENTER="0.7325" ANGLE="180.0" FLIP="down" />
            </PLACED>
            <SHAPE FACTOR="0.05" >
               <svg xmlns="http://www.w3.org/2000/svg" xmlns:xlink="http://www.w3.org/1999/xlink" width="2.95cm" height="3cm" viewBox="0 0 5896 5997" >
                  <polygon fill="#e9ffda" stroke="#402b2b" stroke-width="1" points="5816,4806 2014,5590 1813,5636 1635,5683 1551,5718 1433,5780 1051,5996 1020,5805 997,5694 956,5537 894,5357 861,5279 720,4994 554,4631 340,4174 233,3932 166,3759 115,3604 67,3435 25,3262 9,3166 5,3120 2,3069 1,3019 7,2933 10,2903 35,2750 87,2500 101,2444 142,2311 152,2281 227,2096 297,1940 520,1468 711,1095 858,798 926,648 941,611 974,515 990,457 1009,368 1022,290 1041,138 1053,1 1298,174 1350,206 1462,270 1511,295 1603,333 1651,350 1849,412 5836,1268 5806,1488 5766,1817 5761,2025 5764,2138 5788,2472 5815,2664 5818,2884 5851,3194 5864,3403 5889,3642 5893,3716 5895,3815 5018,3875 5019,3886 5894,3828 5860,4109 5856,4153 5847,4376 5830,4664 " />
                  <g style="fill:none; stroke:#000000" stroke-width="2" >
                     <path d="M2,3010 L65,3011" />
                  </g>
                  <g style="fill:none; stroke:#000000" stroke-width="2" >
                     <path d="M5818,2884 L5755,2888" />
                  </g>
                  <g style="fill:none; stroke:#000000" stroke-width="2" >
                     <path d="M5815,2664 L5752,2668" />
                  </g>
                  <g style="fill:none; stroke:#000000" stroke-width="2" >
                     <path d="M5851,3194 L5788,3200" />
                  </g>
                  <g style="fill:none; stroke:#000000" stroke-width="2" >
                     <path d="M5864,3403 L5801,3408" />
                  </g>
                  <g style="fill:none; stroke:#000000" stroke-width="2" >
                     <path d="M5856,4153 L5793,4148" />
                  </g>
                  <g style="fill:none; stroke:#000000" stroke-width="2" >
                     <path d="M5847,4376 L5784,4374" />
                  </g>
               </svg>
            </SHAPE>
         </PIECE>
         <PIECE>
            <NAME>Cuff</NAME>
            <CODE></CODE>
            <MATERIAL>shell</MATERIAL>
            <GEOM_INFO SIZE_X="0.3015" SIZE_Y="0.1364" AREA="0.0409" PERIMETER="0.8722" />
            <BUFFER>0.0000</BUFFER>
            <ORDER_INFO NESTED="2" TOTAL="2" QUANT="0,0,1,1" />
            <NESTING_ENABLES ROTATION="none" OPPOSITE="Up/Down" TILT="0 deg." FLIP="no" FOLD="none" />
            <MATCH>
            </MATCH>
            <PLACED>
               <POSITION X-CENTER="1.8870" Y-CENTER="0.2046" ANGLE="180.0" FLIP="no" />
               <POSITION X-CENTER="1.9356" Y-CENTER="0.0682" ANGLE="180.0" FLIP="down" />
            </PLACED>
            <SHAPE FACTOR="0.05" >
               <svg xmlns="http://www.w3.org/2000/svg" xmlns:xlink="http://www.w3.org/1999/xlink" width="1.38cm" height="0.62cm" viewBox="0 0 2759 1250" >
                  <polygon fill="#e9ffda" stroke="#402b2b" stroke-width="1" points="2742,1243 1,1248 6,3 2753,1 2758,610 " />
                  <g style="fill:none; stroke:#000000" stroke-width="2" >
                     <path d="M4,622 L67,622" />
                  </g>
                  <g style="fill:none; stroke:#000000" stroke-width="2" >
                     <path d="M2758,610 L2695,609" />
                  </g>
               </svg>
            </SHAPE>
         </PIECE>
         <PIECE>
            <NAME>Collar</NAME>
            <CODE></CODE>
            <MATERIAL>shell</MATERIAL>
            <GEOM_INFO SIZE_X="0.1246" SIZE_Y="0.6205" AREA="0.0644" PERIMETER="1.3728" />
            <BUFFER>0.0000</BUFFER>
            <ORDER_INFO NESTED="2" TOTAL="2" QUANT="0,0,1,1" />
            <NESTING_ENABLES ROTATION="none" OPPOSITE="Up/Down" TILT="0 deg." FLIP="no" FOLD="none" />
            <MATCH>
            </MATCH>
            <PLACED>
               <POSITION X-CENTER="2.8384" Y-CENTER="0.3979" ANGLE="180.0" FLIP="no" />
               <POSITION X-CENTER="1.0325" Y-CENTER="1.3085" ANGLE="180.0" FLIP="down" />
            </PLACED>
            <SHAPE FACTOR="0.05" >
               <svg xmlns="http://www.w3.org/2000/svg" xmlns:xlink="http://www.w3.org/1999/xlink" width="0.57cm" height="2.84cm" viewBox="0 0 1141 5676" >
                  <polygon fill="#e9ffda" stroke="#402b2b" stroke-width="1" points="105,1 1039,453 1076,657 1114,883 1120,933 1136,1156 1140,1380 1140,1404 1089,2074 1082,2348 1085,2842 1080,3458 1084,3609 1131,4280 1132,4334 1125,4528 1109,4745 1102,4800 1063,5026 1025,5230 87,5676 95,5321 97,4864 96,4761 82,4378 70,4179 31,3676 6,3256 1,2979 3,2838 2,2697 9,2420 36,2000 79,1498 101,1124 108,916 111,475 110,356 " />
                  <g style="fill:none; stroke:#000000" stroke-width="2" >
                     <path d="M1121,1650 L1058,1645" />
                  </g>
                  <g style="fill:none; stroke:#000000" stroke-width="2" >
                     <path d="M1085,2842 L1022,2841" />
                  </g>
                  <g style="fill:none; stroke:#000000" stroke-width="2" >
                     <path d="M1114,4033 L1051,4038" />
                  </g>
               </svg>
            </SHAPE>
         </PIECE>
         <PIECE>
            <NAME>Placket</NAME>
            <CODE></CODE>
            <MATERIAL>shell</MATERIAL>
            <GEOM_INFO SIZE_X="0.4206" SIZE_Y="0.0372" AREA="0.0155" PERIMETER="0.9142" />
            <BUFFER>0.0000</BUFFER>
            <ORDER_INFO NESTED="2" TOTAL="2" QUANT="0,0,1,1" />
            <NESTING_ENABLES ROTATION="none" OPPOSITE="Up/Down" TILT="0 deg." FLIP="no" FOLD="none" />
            <MATCH>
            </MATCH>
            <PLACED>
               <POSITION X-CENTER="0.2931" Y-CENTER="0.4642" ANGLE="180.0" FLIP="no" />
               <POSITION X-CENTER="1.7124" Y-CENTER="0.4274" ANGLE="180.0" FLIP="down" />
            </PLACED>
            <SHAPE FACTOR="0.05" >
               <svg xmlns="http://www.w3.org/2000/svg" xmlns:xlink="http://www.w3.org/1999/xlink" width="1.92cm" height="0.17cm" viewBox="0 0 3848 342" >
                  <polygon fill="#e9ffda" stroke="#402b2b" stroke-width="1" points="3847,341 4,334 1,1 3844,1 " />
               </svg>
            </SHAPE>
         </PIECE>
      </SIZE>
   </STYLE>
   <VIEW FACTOR="0.05" >
      <svg xmlns="http://www.w3.org/2000/svg" xmlns:xlink="http://www.w3.org/1999/xlink" width="13.26cm" height="7.62cm" viewBox="0 0 26526 15245" >
         <rect x="1" y="1" width="26525" height="15244" fill="#e9ffda" stroke="#402b2b" stroke-width="1" />
         <polygon fill="#008000" stroke="#590202" stroke-width="1" points="18403,2964 18409,3449 18396,3920 18385,4132 18380,4184 18371,4249 18358,4316 18345,4372 18329,4427 18312,4477 18286,4543 18259,4604 18228,4668 18126,4857 18074,4943 17917,5186 17708,5494 17646,5594 17631,5622 17595,5695 17563,5778 17547,5829 17524,5927 16751,5911 15677,5916 14435,5912 13198,5919 13088,5756 13048,5709 13007,5669 12975,5643 12941,5621 12912,5605 12889,5594 12864,5585 12805,5568 12747,5556 12673,5544 12526,5528 12250,5518 12198,5519 11920,5536 11769,5553 11330,5617 10867,5693 10321,5789 10203,5147 10112,4578 10001,3791 10110,3765 10171,3743 10194,3733 10244,3708 10283,3685 10325,3655 10358,3626 10383,3598 10401,3573 10418,3545 10434,3511 10442,3487 10455,3438 10463,3388 10469,3325 10475,3168 10479,2966 10475,2759 10469,2603 10462,2533 10459,2508 10449,2465 10434,2417 10421,2388 10406,2361 10388,2336 10367,2312 10345,2290 10315,2266 10273,2237 10229,2211 10183,2189 10136,2171 10088,2157 10001,2137 10112,1349 10203,781 10321,139 10867,235 11330,310 11769,375 12012,399 12198,409 12334,409 12526,400 12635,389 12709,379 12784,365 12822,355 12877,338 12913,322 12945,304 12975,284 13004,261 13044,223 13069,195 13112,140 13150,85 13198,9 14435,16 15677,11 16751,17 17524,1 17547,99 17578,192 17595,233 17636,315 17708,433 17883,692 18074,984 18197,1199 18228,1260 18298,1414 18312,1450 18346,1559 18353,1587 18371,1679 18388,1838 18396,2007 18409,2478 " />
         <g style="fill:none; stroke:#000000" stroke-width="1" >
            <path d="M10658,5730 L10647,5668" />
         </g>
         <g style="fill:none; stroke:#000000" stroke-width="1" >
            <path d="M10658,197 L10647,260" />
         </g>
         <text x="14078" y="3098" fill="#590202" font-size="300" >
            Back
         </text>
         <polygon fill="#80ff00" stroke="#590202" stroke-width="1" points="52,3313 46,2828 58,2357 67,2165 72,2115 86,2016 108,1919 143,1799 210,1600 223,1565 297,1391 378,1223 530,937 757,532 826,394 840,361 870,283 900,180 913,119 931,1 1756,18 2901,12 4226,16 5546,9 5638,247 5648,263 5682,315 5718,359 5746,388 5776,414 5821,445 5852,461 5876,471 5934,491 6013,511 6102,528 6254,549 6544,570 6613,571 6891,565 6980,559 7086,550 7433,500 8171,376 8534,313 8673,991 8782,1591 8917,2423 8793,2453 8731,2474 8705,2485 8631,2523 8583,2553 8539,2587 8503,2620 8485,2641 8462,2672 8443,2704 8428,2736 8410,2788 8404,2815 8395,2870 8389,2933 8382,3098 8376,3311 8382,3528 8389,3693 8394,3749 8402,3804 8408,3831 8423,3877 8436,3908 8451,3937 8465,3960 8486,3987 8514,4017 8551,4050 8597,4082 8641,4109 8695,4136 8746,4158 8798,4175 8917,4203 8782,5035 8673,5635 8534,6313 7988,6217 7525,6141 7150,6084 7086,6077 6863,6059 6716,6055 6613,6055 6369,6066 6254,6077 6101,6098 6013,6115 5923,6138 5865,6159 5829,6177 5783,6207 5743,6241 5718,6266 5695,6293 5664,6337 5648,6363 5611,6434 5592,6480 5567,6550 5546,6618 4226,6610 2901,6614 1836,6608 1756,6608 931,6625 913,6507 889,6402 870,6343 830,6240 757,6094 575,5770 378,5403 284,5207 223,5061 188,4965 143,4827 93,4645 84,4598 72,4509 66,4445 58,4269 46,3798 " />
         <g style="fill:none; stroke:#000000" stroke-width="1" >
            <path d="M8197,372 L8208,434" />
         </g>
         <g style="fill:none; stroke:#000000" stroke-width="1" >
            <path d="M8197,6254 L8208,6192" />
         </g>
         <text x="3857" y="3429" fill="#590202" font-size="300" >
            Back
         </text>
         <polygon fill="#008000" stroke="#590202" stroke-width="1" points="15878,11515 15876,12130 15882,12681 15881,13132 15868,13424 15844,13702 15829,13811 15817,13877 15800,13945 15782,14002 15763,14056 15729,14136 15696,14205 15611,14362 15545,14469 15301,14834 15274,14879 15222,14973 15194,15038 15178,15087 15171,15114 15147,15234 10845,15244 10712,15069 10638,14980 10599,14937 10524,14865 10453,14809 10415,14782 10378,14759 10339,14737 10300,14717 10260,14699 10178,14668 10094,14644 9998,14625 9901,14613 9846,14609 9747,14608 9691,14609 9580,14618 9394,14648 9233,14685 8713,14816 8525,14874 8395,14367 8372,14266 8195,13371 8083,12886 8236,12861 8326,12842 8385,12825 8443,12803 8512,12769 8572,12732 8616,12698 8643,12673 8667,12648 8699,12608 8713,12587 8747,12529 8774,12468 8800,12396 8818,12322 8831,12240 8837,12153 8836,12067 8827,11982 8811,11903 8790,11833 8776,11798 8749,11743 8717,11690 8697,11662 8673,11632 8632,11590 8613,11572 8566,11534 8524,11506 8467,11476 8416,11454 8348,11432 8295,11419 8245,11409 8086,11387 8208,10717 8382,10770 8416,10782 8495,10814 8587,10860 8680,10919 8790,10998 9016,11156 9096,11207 9234,11286 9317,11328 9423,11376 9468,11395 9594,11440 9667,11462 9792,11491 9883,11506 10018,11521 10093,11527 10370,11540 10703,11543 " />
         <g style="fill:none; stroke:#000000" stroke-width="1" >
            <path d="M15876,12130 L15812,12130" />
         </g>
         <g style="fill:none; stroke:#000000" stroke-width="1" >
            <path d="M8837,12135 L8901,12136" />
         </g>
         <g style="fill:none; stroke:#000000" stroke-width="1" >
            <path d="M8823,11961 L8886,11950" />
         </g>
         <g style="fill:none; stroke:#000000" stroke-width="1" >
            <path d="M9085,12301 L9085,12301 M9085,12301 L9085,12301" />
         </g>
         <g style="fill:none; stroke:#000000" stroke-width="1" >
            <path d="M9085,12301 L9085,12301 L9085,12301 L9085,12301 Z" />
         </g>
         <g style="fill:none; stroke:#000000" stroke-width="1" >
            <path d="M9909,12304 L9909,12304 M9909,12304 L9909,12304" />
         </g>
         <g style="fill:none; stroke:#000000" stroke-width="1" >
            <path d="M9909,12304 L9909,12304 L9909,12304 L9909,12304 Z" />
         </g>
         <g style="fill:none; stroke:#000000" stroke-width="1" >
            <path d="M9085,12301 L9085,12301 M9085,12301 L9085,12301" />
         </g>
         <g style="fill:none; stroke:#000000" stroke-width="1" >
            <path d="M9085,12301 L9085,12301 L9085,12301 L9085,12301 Z" />
         </g>
         <g style="fill:none; stroke:#000000" stroke-width="1" >
            <path d="M9909,12304 L9909,12304 M9909,12304 L9909,12304" />
         </g>
         <g style="fill:none; stroke:#000000" stroke-width="1" >
            <path d="M9909,12304 L9909,12304 L9909,12304 L9909,12304 Z" />
         </g>
         <g style="fill:none; stroke:#000000" stroke-width="1" >
            <path d="M10751,12301 L10751,12301 M10751,12301 L10751,12301" />
         </g>
         <g style="fill:none; stroke:#000000" stroke-width="1" >
            <path d="M10751,12301 L10751,12301 L10751,12301 L10751,12301 Z" />
         </g>
         <g style="fill:none; stroke:#000000" stroke-width="1" >
            <path d="M12415,12300 L12415,12300 M12415,12300 L12415,12300" />
         </g>
         <g style="fill:none; stroke:#000000" stroke-width="1" >
            <path d="M12415,12300 L12415,12300 L12415,12300 L12415,12300 Z" />
         </g>
         <g style="fill:none; stroke:#000000" stroke-width="1" >
            <path d="M11579,12298 L11579,12298 M11579,12298 L11579,12298" />
         </g>
         <g style="fill:none; stroke:#000000" stroke-width="1" >
            <path d="M11579,12298 L11579,12298 L11579,12298 L11579,12298 Z" />
         </g>
         <g style="fill:none; stroke:#000000" stroke-width="1" >
            <path d="M13247,12297 L13247,12297 M13247,12297 L13247,12297" />
         </g>
         <g style="fill:none; stroke:#000000" stroke-width="1" >
            <path d="M13247,12297 L13247,12297 L13247,12297 L13247,12297 Z" />
         </g>
         <g style="fill:none; stroke:#000000" stroke-width="1" >
            <path d="M14084,12297 L14084,12297 M14084,12297 L14084,12297" />
         </g>
         <g style="fill:none; stroke:#000000" stroke-width="1" >
            <path d="M14084,12297 L14084,12297 L14084,12297 L14084,12297 Z" />
         </g>
         <text x="11570" y="13568" fill="#590202" font-size="300" >
            Front
         </text>
         <polygon fill="#008000" stroke="#590202" stroke-width="1" points="7800,10343 7798,9728 7804,9177 7803,8726 7790,8434 7766,8156 7751,8047 7739,7981 7722,7913 7705,7856 7685,7802 7651,7722 7618,7653 7533,7496 7467,7389 7223,7024 7196,6979 7144,6886 7116,6820 7100,6771 7093,6744 7069,6624 2767,6614 2634,6789 2560,6878 2521,6921 2446,6993 2375,7050 2337,7076 2300,7099 2261,7121 2222,7141 2182,7159 2100,7190 2016,7214 1920,7233 1823,7245 1768,7249 1669,7250 1613,7249 1502,7240 1316,7210 1155,7173 635,7042 447,6984 317,7491 294,7593 117,8487 5,8972 158,8997 248,9017 307,9033 365,9055 434,9089 494,9126 538,9160 565,9185 589,9211 621,9250 635,9271 669,9329 696,9390 722,9462 740,9537 753,9618 759,9705 758,9791 749,9876 733,9955 712,10026 698,10060 671,10115 639,10168 619,10196 595,10226 554,10268 535,10286 488,10324 446,10352 389,10382 338,10404 271,10426 217,10439 167,10449 8,10471 130,11141 304,11088 338,11076 417,11044 509,10998 602,10939 712,10860 938,10702 1018,10652 1156,10572 1239,10530 1345,10482 1390,10464 1516,10418 1589,10396 1714,10367 1805,10352 1940,10337 2016,10331 2292,10318 2625,10315 " />
         <g style="fill:none; stroke:#000000" stroke-width="1" >
            <path d="M7798,9728 L7734,9728" />
         </g>
         <g style="fill:none; stroke:#000000" stroke-width="1" >
            <path d="M759,9723 L823,9722" />
         </g>
         <g style="fill:none; stroke:#000000" stroke-width="1" >
            <path d="M745,9897 L808,9908" />
         </g>
         <g style="fill:none; stroke:#000000" stroke-width="1" >
            <path d="M1007,9557 L1007,9557 M1007,9557 L1007,9557" />
         </g>
         <g style="fill:none; stroke:#000000" stroke-width="1" >
            <path d="M1007,9557 L1007,9557 L1007,9557 L1007,9557 Z" />
         </g>
         <g style="fill:none; stroke:#000000" stroke-width="1" >
            <path d="M1831,9554 L1831,9554 M1831,9554 L1831,9554" />
         </g>
         <g style="fill:none; stroke:#000000" stroke-width="1" >
            <path d="M1831,9554 L1831,9554 L1831,9554 L1831,9554 Z" />
         </g>
         <g style="fill:none; stroke:#000000" stroke-width="1" >
            <path d="M1007,9557 L1007,9557 M1007,9557 L1007,9557" />
         </g>
         <g style="fill:none; stroke:#000000" stroke-width="1" >
            <path d="M1007,9557 L1007,9557 L1007,9557 L1007,9557 Z" />
         </g>
         <g style="fill:none; stroke:#000000" stroke-width="1" >
            <path d="M1831,9554 L1831,9554 M1831,9554 L1831,9554" />
         </g>
         <g style="fill:none; stroke:#000000" stroke-width="1" >
            <path d="M1831,9554 L1831,9554 L1831,9554 L1831,9554 Z" />
         </g>
         <g style="fill:none; stroke:#000000" stroke-width="1" >
            <path d="M2673,9557 L2673,9557 M2673,9557 L2673,9557" />
         </g>
         <g style="fill:none; stroke:#000000" stroke-width="1" >
            <path d="M2673,9557 L2673,9557 L2673,9557 L2673,9557 Z" />
         </g>
         <g style="fill:none; stroke:#000000" stroke-width="1" >
            <path d="M4337,9559 L4337,9559 M4337,9559 L4337,9559" />
         </g>
         <g style="fill:none; stroke:#000000" stroke-width="1" >
            <path d="M4337,9559 L4337,9559 L4337,9559 L4337,9559 Z" />
         </g>
         <g style="fill:none; stroke:#000000" stroke-width="1" >
            <path d="M3501,9560 L3501,9560 M3501,9560 L3501,9560" />
         </g>
         <g style="fill:none; stroke:#000000" stroke-width="1" >
            <path d="M3501,9560 L3501,9560 L3501,9560 L3501,9560 Z" />
         </g>
         <g style="fill:none; stroke:#000000" stroke-width="1" >
            <path d="M5169,9562 L5169,9562 M5169,9562 L5169,9562" />
         </g>
         <g style="fill:none; stroke:#000000" stroke-width="1" >
            <path d="M5169,9562 L5169,9562 L5169,9562 L5169,9562 Z" />
         </g>
         <g style="fill:none; stroke:#000000" stroke-width="1" >
            <path d="M6006,9561 L6006,9561 M6006,9561 L6006,9561" />
         </g>
         <g style="fill:none; stroke:#000000" stroke-width="1" >
            <path d="M6006,9561 L6006,9561 L6006,9561 L6006,9561 Z" />
         </g>
         <text x="3492" y="8590" fill="#590202" font-size="300" >
            Front
         </text>
         <polygon fill="#80ff00" stroke="#590202" stroke-width="1" points="18413,4079 18415,3465 18409,2913 18410,2462 18423,2170 18466,1675 18474,1618 18500,1506 18508,1477 18546,1366 18579,1281 18669,1084 18735,955 18975,536 19023,444 19068,349 19097,272 19106,242 19118,192 19136,81 19144,11 23588,1 23725,263 23780,343 23840,418 23877,457 23941,519 24013,578 24051,605 24131,654 24214,696 24301,732 24389,760 24440,773 24489,784 24540,793 24641,806 24698,810 24799,812 24854,810 24982,799 25150,771 25311,735 25831,603 26019,545 26151,1021 26193,1188 26289,1622 26397,2132 26525,2644 26357,2675 26262,2696 26217,2709 26174,2724 26100,2756 26036,2791 25974,2833 25928,2871 25904,2895 25865,2941 25840,2976 25816,3016 25783,3083 25755,3157 25734,3234 25719,3312 25709,3399 25707,3443 25709,3531 25713,3576 25721,3633 25735,3702 25757,3778 25771,3815 25798,3873 25831,3927 25857,3965 25880,3994 25936,4053 25984,4094 26043,4135 26102,4168 26173,4198 26234,4218 26298,4234 26349,4245 26453,4261 26522,4270 26400,4940 26221,4883 26186,4870 26106,4837 26080,4824 26011,4787 25920,4728 25805,4642 25574,4476 25486,4419 25351,4339 25263,4292 25156,4242 25112,4223 24983,4175 24907,4151 24783,4119 24685,4101 24555,4085 24469,4077 24184,4059 23842,4051 " />
         <g style="fill:none; stroke:#000000" stroke-width="1" >
            <path d="M18415,3465 L18478,3464" />
         </g>
         <g style="fill:none; stroke:#000000" stroke-width="1" >
            <path d="M25707,3459 L25644,3458" />
         </g>
         <g style="fill:none; stroke:#000000" stroke-width="1" >
            <path d="M25721,3633 L25658,3644" />
         </g>
         <g style="fill:none; stroke:#000000" stroke-width="1" >
            <path d="M25459,3293 L25459,3293 M25459,3293 L25459,3293" />
         </g>
         <g style="fill:none; stroke:#000000" stroke-width="1" >
            <path d="M25459,3293 L25459,3293 L25459,3293 L25459,3293 Z" />
         </g>
         <g style="fill:none; stroke:#000000" stroke-width="1" >
            <path d="M24635,3290 L24635,3290 M24635,3290 L24635,3290" />
         </g>
         <g style="fill:none; stroke:#000000" stroke-width="1" >
            <path d="M24635,3290 L24635,3290 L24635,3290 L24635,3290 Z" />
         </g>
         <g style="fill:none; stroke:#000000" stroke-width="1" >
            <path d="M25459,3293 L25459,3293 M25459,3293 L25459,3293" />
         </g>
         <g style="fill:none; stroke:#000000" stroke-width="1" >
            <path d="M25459,3293 L25459,3293 L25459,3293 L25459,3293 Z" />
         </g>
         <g style="fill:none; stroke:#000000" stroke-width="1" >
            <path d="M24635,3290 L24635,3290 M24635,3290 L24635,3290" />
         </g>
         <g style="fill:none; stroke:#000000" stroke-width="1" >
            <path d="M24635,3290 L24635,3290 L24635,3290 L24635,3290 Z" />
         </g>
         <g style="fill:none; stroke:#000000" stroke-width="1" >
            <path d="M23793,3293 L23793,3293 M23793,3293 L23793,3293" />
         </g>
         <g style="fill:none; stroke:#000000" stroke-width="1" >
            <path d="M23793,3293 L23793,3293 L23793,3293 L23793,3293 Z" />
         </g>
         <g style="fill:none; stroke:#000000" stroke-width="1" >
            <path d="M22129,3295 L22129,3295 M22129,3295 L22129,3295" />
         </g>
         <g style="fill:none; stroke:#000000" stroke-width="1" >
            <path d="M22129,3295 L22129,3295 L22129,3295 L22129,3295 Z" />
         </g>
         <g style="fill:none; stroke:#000000" stroke-width="1" >
            <path d="M22965,3296 L22965,3296 M22965,3296 L22965,3296" />
         </g>
         <g style="fill:none; stroke:#000000" stroke-width="1" >
            <path d="M22965,3296 L22965,3296 L22965,3296 L22965,3296 Z" />
         </g>
         <g style="fill:none; stroke:#000000" stroke-width="1" >
            <path d="M21297,3298 L21297,3298 M21297,3298 L21297,3298" />
         </g>
         <g style="fill:none; stroke:#000000" stroke-width="1" >
            <path d="M21297,3298 L21297,3298 L21297,3298 L21297,3298 Z" />
         </g>
         <g style="fill:none; stroke:#000000" stroke-width="1" >
            <path d="M20460,3297 L20460,3297 M20460,3297 L20460,3297" />
         </g>
         <g style="fill:none; stroke:#000000" stroke-width="1" >
            <path d="M20460,3297 L20460,3297 L20460,3297 L20460,3297 Z" />
         </g>
         <text x="21925" y="2176" fill="#590202" font-size="300" >
            Front
         </text>
         <polygon fill="#80ff00" stroke="#590202" stroke-width="1" points="5,11166 7,11780 1,12332 2,12783 15,13075 58,13570 66,13627 92,13739 100,13768 138,13879 172,13964 261,14160 328,14290 567,14709 616,14801 660,14896 689,14973 698,15003 711,15053 728,15164 736,15234 5180,15244 5317,14982 5372,14902 5433,14827 5469,14788 5534,14726 5606,14667 5644,14640 5723,14591 5806,14549 5893,14513 5981,14485 6032,14472 6082,14461 6132,14452 6233,14439 6291,14435 6391,14433 6446,14435 6575,14446 6743,14474 6904,14510 7424,14642 7611,14699 7743,14224 7785,14057 7881,13622 7990,13112 8117,12601 7949,12570 7855,12549 7810,12536 7766,12521 7693,12489 7629,12454 7566,12412 7520,12374 7496,12350 7457,12304 7432,12269 7408,12229 7375,12162 7348,12088 7327,12011 7312,11933 7302,11846 7300,11802 7301,11714 7305,11669 7313,11612 7327,11543 7349,11467 7363,11430 7391,11372 7423,11317 7449,11280 7472,11251 7528,11192 7576,11151 7635,11110 7695,11077 7766,11047 7826,11027 7890,11011 7941,11000 8045,10984 8114,10975 7992,10305 7814,10362 7779,10375 7699,10408 7673,10421 7604,10458 7513,10517 7397,10602 7166,10769 7078,10826 6943,10906 6855,10953 6748,11003 6704,11022 6576,11070 6500,11094 6375,11126 6278,11143 6148,11160 6062,11168 5777,11186 5434,11194 " />
         <g style="fill:none; stroke:#000000" stroke-width="1" >
            <path d="M7,11780 L70,11781" />
         </g>
         <g style="fill:none; stroke:#000000" stroke-width="1" >
            <path d="M7299,11786 L7236,11787" />
         </g>
         <g style="fill:none; stroke:#000000" stroke-width="1" >
            <path d="M7313,11612 L7251,11601" />
         </g>
         <g style="fill:none; stroke:#000000" stroke-width="1" >
            <path d="M7051,11952 L7051,11952 M7051,11952 L7051,11952" />
         </g>
         <g style="fill:none; stroke:#000000" stroke-width="1" >
            <path d="M7051,11952 L7051,11952 L7051,11952 L7051,11952 Z" />
         </g>
         <g style="fill:none; stroke:#000000" stroke-width="1" >
            <path d="M6227,11955 L6227,11955 M6227,11955 L6227,11955" />
         </g>
         <g style="fill:none; stroke:#000000" stroke-width="1" >
            <path d="M6227,11955 L6227,11955 L6227,11955 L6227,11955 Z" />
         </g>
         <g style="fill:none; stroke:#000000" stroke-width="1" >
            <path d="M7051,11952 L7051,11952 M7051,11952 L7051,11952" />
         </g>
         <g style="fill:none; stroke:#000000" stroke-width="1" >
            <path d="M7051,11952 L7051,11952 L7051,11952 L7051,11952 Z" />
         </g>
         <g style="fill:none; stroke:#000000" stroke-width="1" >
            <path d="M6227,11955 L6227,11955 M6227,11955 L6227,11955" />
         </g>
         <g style="fill:none; stroke:#000000" stroke-width="1" >
            <path d="M6227,11955 L6227,11955 L6227,11955 L6227,11955 Z" />
         </g>
         <g style="fill:none; stroke:#000000" stroke-width="1" >
            <path d="M5385,11952 L5385,11952 M5385,11952 L5385,11952" />
         </g>
         <g style="fill:none; stroke:#000000" stroke-width="1" >
            <path d="M5385,11952 L5385,11952 L5385,11952 L5385,11952 Z" />
         </g>
         <g style="fill:none; stroke:#000000" stroke-width="1" >
            <path d="M3721,11950 L3721,11950 M3721,11950 L3721,11950" />
         </g>
         <g style="fill:none; stroke:#000000" stroke-width="1" >
            <path d="M3721,11950 L3721,11950 L3721,11950 L3721,11950 Z" />
         </g>
         <g style="fill:none; stroke:#000000" stroke-width="1" >
            <path d="M4557,11949 L4557,11949 M4557,11949 L4557,11949" />
         </g>
         <g style="fill:none; stroke:#000000" stroke-width="1" >
            <path d="M4557,11949 L4557,11949 L4557,11949 L4557,11949 Z" />
         </g>
         <g style="fill:none; stroke:#000000" stroke-width="1" >
            <path d="M2889,11947 L2889,11947 M2889,11947 L2889,11947" />
         </g>
         <g style="fill:none; stroke:#000000" stroke-width="1" >
            <path d="M2889,11947 L2889,11947 L2889,11947 L2889,11947 Z" />
         </g>
         <g style="fill:none; stroke:#000000" stroke-width="1" >
            <path d="M2053,11948 L2053,11948 M2053,11948 L2053,11948" />
         </g>
         <g style="fill:none; stroke:#000000" stroke-width="1" >
            <path d="M2053,11948 L2053,11948 L2053,11948 L2053,11948 Z" />
         </g>
         <text x="3517" y="13368" fill="#590202" font-size="300" >
            Front
         </text>
         <polygon fill="#008000" stroke="#590202" stroke-width="1" points="24235,14101 20434,14848 20233,14892 20055,14937 19971,14972 19852,15033 19469,15244 19448,15066 19431,14959 19399,14814 19355,14667 19344,14632 19321,14571 19261,14433 19182,14259 19061,13958 18880,13526 18788,13293 18734,13134 18701,13020 18654,12829 18624,12681 18619,12646 18612,12578 18609,12480 18611,12432 18624,12250 18631,12190 18663,11989 18672,11945 18714,11778 18783,11580 18844,11428 19032,10981 19196,10628 19321,10346 19385,10188 19403,10133 19422,10059 19429,10030 19448,9914 19454,9868 19471,9598 19718,9769 19769,9801 19882,9863 19931,9887 20023,9924 20071,9941 20269,10001 24255,10818 24227,11017 24190,11317 24185,11506 24188,11608 24209,11913 24234,12087 24237,12307 24270,12617 24283,12825 24307,13065 24311,13139 24314,13238 23437,13298 23437,13308 24313,13251 24278,13532 24275,13576 24266,13799 24248,14002 " />
         <g style="fill:none; stroke:#000000" stroke-width="1" >
            <path d="M18611,12432 L18674,12435" />
         </g>
         <g style="fill:none; stroke:#000000" stroke-width="1" >
            <path d="M24237,12307 L24173,12311" />
         </g>
         <g style="fill:none; stroke:#000000" stroke-width="1" >
            <path d="M24234,12087 L24170,12091" />
         </g>
         <g style="fill:none; stroke:#000000" stroke-width="1" >
            <path d="M24270,12617 L24206,12623" />
         </g>
         <g style="fill:none; stroke:#000000" stroke-width="1" >
            <path d="M24283,12825 L24219,12831" />
         </g>
         <g style="fill:none; stroke:#000000" stroke-width="1" >
            <path d="M24275,13576 L24211,13571" />
         </g>
         <g style="fill:none; stroke:#000000" stroke-width="1" >
            <path d="M24266,13799 L24202,13796" />
         </g>
         <text x="20896" y="12666" fill="#590202" font-size="300" >
            Sleeve
         </text>
         <polygon fill="#008000" stroke="#590202" stroke-width="1" points="24746,5214 20945,4467 20744,4423 20566,4378 20482,4343 20363,4282 19980,4071 19959,4249 19941,4356 19909,4501 19866,4648 19855,4683 19832,4744 19772,4882 19693,5056 19572,5357 19391,5789 19299,6022 19245,6181 19212,6295 19165,6486 19135,6634 19130,6669 19123,6737 19120,6835 19121,6883 19135,7065 19142,7125 19174,7326 19183,7370 19225,7537 19294,7735 19355,7887 19543,8334 19707,8687 19832,8969 19895,9127 19914,9182 19933,9256 19940,9285 19959,9401 19965,9447 19982,9717 20229,9546 20280,9514 20392,9452 20442,9428 20534,9391 20582,9374 20780,9314 24765,8497 24738,8298 24701,7998 24696,7809 24699,7707 24720,7402 24745,7228 24748,7008 24781,6698 24794,6490 24818,6250 24822,6176 24825,6077 23948,6017 23948,6007 24823,6064 24789,5783 24786,5739 24777,5516 24759,5313 " />
         <g style="fill:none; stroke:#000000" stroke-width="1" >
            <path d="M19121,6883 L19185,6880" />
         </g>
         <g style="fill:none; stroke:#000000" stroke-width="1" >
            <path d="M24748,7008 L24684,7004" />
         </g>
         <g style="fill:none; stroke:#000000" stroke-width="1" >
            <path d="M24745,7228 L24681,7224" />
         </g>
         <g style="fill:none; stroke:#000000" stroke-width="1" >
            <path d="M24781,6698 L24717,6692" />
         </g>
         <g style="fill:none; stroke:#000000" stroke-width="1" >
            <path d="M24794,6490 L24730,6484" />
         </g>
         <g style="fill:none; stroke:#000000" stroke-width="1" >
            <path d="M24786,5739 L24722,5744" />
         </g>
         <g style="fill:none; stroke:#000000" stroke-width="1" >
            <path d="M24777,5516 L24713,5519" />
         </g>
         <text x="21407" y="6949" fill="#590202" font-size="300" >
            Sleeve
         </text>
         <polygon fill="#80ff00" stroke="#590202" stroke-width="1" points="7830,6728 11633,5944 11834,5898 12011,5851 12096,5815 12214,5753 12596,5538 12626,5729 12650,5840 12691,5997 12753,6176 12786,6255 12927,6539 13092,6903 13307,7359 13414,7602 13481,7775 13532,7929 13580,8099 13622,8271 13637,8368 13642,8414 13645,8465 13645,8515 13640,8601 13637,8631 13612,8784 13559,9034 13545,9089 13505,9223 13495,9252 13420,9438 13349,9594 13127,10066 12936,10438 12789,10736 12720,10885 12705,10923 12673,11019 12657,11077 12638,11166 12625,11243 12606,11396 12594,11533 12348,11360 12297,11327 12185,11264 12135,11239 12044,11201 11996,11183 11798,11122 7811,10266 7840,10046 7881,9717 7885,9509 7882,9396 7859,9061 7831,8870 7828,8649 7795,8339 7782,8131 7758,7891 7754,7817 7751,7718 8628,7658 8628,7648 7753,7706 7787,7425 7790,7381 7799,7158 7816,6870 " />
         <g style="fill:none; stroke:#000000" stroke-width="1" >
            <path d="M13645,8524 L13582,8522" />
         </g>
         <g style="fill:none; stroke:#000000" stroke-width="1" >
            <path d="M7828,8649 L7892,8645" />
         </g>
         <g style="fill:none; stroke:#000000" stroke-width="1" >
            <path d="M7831,8870 L7895,8865" />
         </g>
         <g style="fill:none; stroke:#000000" stroke-width="1" >
            <path d="M7795,8339 L7859,8334" />
         </g>
         <g style="fill:none; stroke:#000000" stroke-width="1" >
            <path d="M7782,8131 L7846,8126" />
         </g>
         <g style="fill:none; stroke:#000000" stroke-width="1" >
            <path d="M7790,7381 L7854,7385" />
         </g>
         <g style="fill:none; stroke:#000000" stroke-width="1" >
            <path d="M7799,7158 L7863,7160" />
         </g>
         <text x="10189" y="8591" fill="#590202" font-size="300" >
            Sleeve
         </text>
         <polygon fill="#80ff00" stroke="#590202" stroke-width="1" points="13663,10353 17465,11137 17666,11183 17844,11230 17928,11266 18046,11328 18428,11543 18459,11353 18482,11241 18523,11084 18585,10905 18618,10826 18759,10542 18925,10178 19139,9722 19246,9479 19313,9306 19364,9152 19413,8982 19454,8810 19470,8713 19474,8667 19477,8617 19478,8566 19472,8481 19469,8451 19444,8298 19392,8047 19378,7992 19338,7858 19327,7829 19252,7643 19182,7488 18959,7015 18768,6643 18621,6346 18553,6196 18538,6158 18505,6062 18490,6004 18470,5916 18457,5838 18439,5686 18426,5548 18181,5721 18130,5754 18017,5818 17968,5842 17876,5880 17828,5898 17631,5959 13643,6816 13673,7035 13714,7365 13718,7573 13715,7685 13691,8020 13664,8211 13661,8432 13628,8742 13615,8950 13590,9190 13586,9264 13584,9363 14461,9423 14461,9433 13585,9376 13619,9657 13623,9700 13632,9924 13649,10212 " />
         <g style="fill:none; stroke:#000000" stroke-width="1" >
            <path d="M19477,8557 L19414,8559" />
         </g>
         <g style="fill:none; stroke:#000000" stroke-width="1" >
            <path d="M13661,8432 L13724,8436" />
         </g>
         <g style="fill:none; stroke:#000000" stroke-width="1" >
            <path d="M13664,8211 L13727,8216" />
         </g>
         <g style="fill:none; stroke:#000000" stroke-width="1" >
            <path d="M13628,8742 L13691,8747" />
         </g>
         <g style="fill:none; stroke:#000000" stroke-width="1" >
            <path d="M13615,8950 L13678,8955" />
         </g>
         <g style="fill:none; stroke:#000000" stroke-width="1" >
            <path d="M13623,9700 L13686,9696" />
         </g>
         <g style="fill:none; stroke:#000000" stroke-width="1" >
            <path d="M13632,9924 L13695,9921" />
         </g>
         <text x="16021" y="8790" fill="#590202" font-size="300" >
            Sleeve
         </text>
         <polygon fill="#008000" stroke="#590202" stroke-width="1" points="24373,10327 21886,10332 21891,9087 24383,9085 24389,9693 " />
         <g style="fill:none; stroke:#000000" stroke-width="1" >
            <path d="M21888,9706 L21952,9706" />
         </g>
         <g style="fill:none; stroke:#000000" stroke-width="1" >
            <path d="M24389,9693 L24325,9693" />
         </g>
         <text x="22792" y="9876" fill="#590202" font-size="300" >
            Cuff
         </text>
         <polygon fill="#008000" stroke="#590202" stroke-width="1" points="18365,11507 15878,11502 15883,12748 18375,12750 18381,12141 " />
         <g style="fill:none; stroke:#000000" stroke-width="1" >
            <path d="M15880,12129 L15944,12129" />
         </g>
         <g style="fill:none; stroke:#000000" stroke-width="1" >
            <path d="M18381,12141 L18317,12141" />
         </g>
         <text x="16785" y="12259" fill="#590202" font-size="300" >
            Cuff
         </text>
         <polygon fill="#80ff00" stroke="#590202" stroke-width="1" points="15894,12754 18635,12749 18630,13995 15883,13997 15878,13388 " />
         <g style="fill:none; stroke:#000000" stroke-width="1" >
            <path d="M18632,13376 L18569,13376" />
         </g>
         <g style="fill:none; stroke:#000000" stroke-width="1" >
            <path d="M15878,13388 L15941,13388" />
         </g>
         <text x="16908" y="13506" fill="#590202" font-size="300" >
            Cuff
         </text>
         <polygon fill="#80ff00" stroke="#590202" stroke-width="1" points="16338,15239 19079,15244 19074,13998 16328,13996 16322,14605 " />
         <g style="fill:none; stroke:#000000" stroke-width="1" >
            <path d="M19076,14617 L19013,14618" />
         </g>
         <g style="fill:none; stroke:#000000" stroke-width="1" >
            <path d="M16322,14605 L16385,14605" />
         </g>
         <text x="17352" y="14788" fill="#590202" font-size="300" >
            Cuff
         </text>
         <polygon fill="#008000" stroke="#590202" stroke-width="1" points="24900,4215 25835,4667 25870,4854 25906,5062 25912,5110 25928,5313 25933,5497 25933,5541 25921,5727 25887,6159 25880,6426 25882,6864 25878,7432 25883,7570 25911,7961 25925,8188 25925,8214 25918,8416 25902,8610 25895,8667 25858,8875 25821,9062 24884,9508 24890,9177 24891,8751 24890,8655 24877,8297 24865,8112 24828,7643 24803,7251 24798,6993 24800,6861 24799,6730 24806,6471 24833,6080 24878,5536 24898,5158 24901,5068 24905,4628 24904,4546 " />
         <g style="fill:none; stroke:#000000" stroke-width="1" >
            <path d="M25917,5769 L25854,5763" />
         </g>
         <g style="fill:none; stroke:#000000" stroke-width="1" >
            <path d="M25882,6864 L25818,6864" />
         </g>
         <g style="fill:none; stroke:#000000" stroke-width="1" >
            <path d="M25911,7961 L25848,7966" />
         </g>
         <text x="24853" y="7037" fill="#590202" font-size="300" >
            Collar
         </text>
         <polygon fill="#008000" stroke="#590202" stroke-width="1" points="24399,15219 25334,14767 25369,14580 25405,14372 25411,14324 25427,14121 25432,13936 25432,13892 25420,13706 25386,13275 25379,13008 25381,12569 25377,12001 25382,11863 25410,11473 25424,11246 25424,11220 25417,11017 25401,10823 25394,10766 25357,10559 25320,10371 24383,9925 24389,10257 24391,10682 24389,10779 24376,11137 24364,11322 24327,11791 24302,12182 24297,12441 24299,12572 24298,12704 24305,12962 24332,13354 24377,13897 24397,14275 24400,14366 24404,14805 24403,14887 " />
         <g style="fill:none; stroke:#000000" stroke-width="1" >
            <path d="M25417,13665 L25353,13670" />
         </g>
         <g style="fill:none; stroke:#000000" stroke-width="1" >
            <path d="M25381,12569 L25317,12569" />
         </g>
         <g style="fill:none; stroke:#000000" stroke-width="1" >
            <path d="M25410,11473 L25347,11468" />
         </g>
         <text x="24352" y="12697" fill="#590202" font-size="300" >
            Collar
         </text>
         <polygon fill="#80ff00" stroke="#590202" stroke-width="1" points="26421,14442 25487,13991 25450,13787 25412,13561 25406,13511 25390,13288 25386,13064 25386,13040 25437,12369 25444,12096 25441,11602 25446,10986 25442,10835 25395,10164 25394,10110 25401,9916 25417,9698 25424,9644 25463,9418 25502,9214 26439,8768 26432,9123 26429,9580 26430,9683 26444,10066 26456,10265 26495,10768 26520,11188 26525,11465 26523,11606 26524,11746 26517,12024 26490,12444 26448,12946 26426,13320 26419,13528 26415,13969 26416,14087 " />
         <g style="fill:none; stroke:#000000" stroke-width="1" >
            <path d="M25405,12793 L25468,12799" />
         </g>
         <g style="fill:none; stroke:#000000" stroke-width="1" >
            <path d="M25441,11602 L25505,11603" />
         </g>
         <g style="fill:none; stroke:#000000" stroke-width="1" >
            <path d="M25412,10411 L25475,10406" />
         </g>
         <text x="25390" y="11730" fill="#590202" font-size="300" >
            Collar
         </text>
         <polygon fill="#80ff00" stroke="#590202" stroke-width="1" points="9908,442 8974,894 8937,1097 8899,1324 8893,1374 8877,1596 8873,1820 8873,1844 8924,2515 8931,2789 8928,3282 8933,3899 8929,4049 8882,4720 8881,4774 8888,4968 8904,5186 8911,5241 8950,5467 8988,5670 9926,6116 9918,5761 9916,5305 9917,5202 9931,4818 9943,4620 9982,4117 10007,3697 10012,3420 10010,3279 10011,3138 10004,2861 9977,2441 9934,1938 9913,1565 9905,1356 9902,916 9903,797 " />
         <g style="fill:none; stroke:#000000" stroke-width="1" >
            <path d="M8892,2091 L8955,2086" />
         </g>
         <g style="fill:none; stroke:#000000" stroke-width="1" >
            <path d="M8928,3282 L8992,3282" />
         </g>
         <g style="fill:none; stroke:#000000" stroke-width="1" >
            <path d="M8899,4473 L8962,4478" />
         </g>
         <text x="8877" y="3455" fill="#590202" font-size="300" >
            Collar
         </text>
         <polygon fill="#008000" stroke="#590202" stroke-width="1" points="5163,10838 1319,10831 1317,10498 5160,10498 " />
         <text x="2948" y="10763" fill="#590202" font-size="150" >
            Placket
         </text>
         <polygon fill="#008000" stroke="#590202" stroke-width="1" points="10557,14904 6714,14911 6711,15244 10554,15244 " />
         <text x="8342" y="15129" fill="#590202" font-size="150" >
            Placket
         </text>
         <polygon fill="#80ff00" stroke="#590202" stroke-width="1" points="758,10830 4602,10837 4604,11170 761,11170 " />
         <text x="2343" y="11055" fill="#590202" font-size="150" >
            Placket
         </text>
         <polygon fill="#80ff00" stroke="#590202" stroke-width="1" points="13737,11506 17580,11499 17583,11166 13739,11166 " />
         <text x="15322" y="11431" fill="#590202" font-size="150" >
            Placket
         </text>
      </svg>
   </VIEW>
</MARKER>
